{
    "$schema": "https://schema.management.azure.com/schemas/2019-04-01/deploymentParameters.json#",
    "contentVersion": "1.0.0.0",
    "parameters": {
        "appServiceName": {
            "value": "sig788task6-webapp"
        },
        "existingAppServicePlanName": {
            "value": ""
        },
        "existingAppServicePlanLocation": {
            "value": ""
        },
        "newAppServicePlanName": {
            "value": "sig788task6-asp"
        },
        "newAppServicePlanLocation": {
            "value": "eastus"
        },
        "newAppServicePlanSku": {
            "value": {
                "name": "S1",
                "tier": "Standard",
                "size": "S1",
                "family": "S",
                "capacity": 1
            }
        },
        "appId": {
            "value": "599aecdc-0506-4958-83cd-53d9e7b0367f"
        },
        "appSecret": {
            "value": "sig788task6-pii-password"
        }
    }
}