Date,Open,High,Low,Close,Volume,Dividends,Stock Splits,close
2020-12-29 00:00:00+05:30,125.05255288501195,128.7007373300783,125.05255288501195,125.82316589355469,71840,0.0,0.0,125.82316589355469
2020-12-30 00:00:00+05:30,126.12555533641132,127.39364197966027,124.6233630231465,126.11579132080078,20270,0.0,0.0,126.11579132080078
2020-12-31 00:00:00+05:30,127.34486817906613,127.57896640998406,125.58905702632997,126.12555694580078,14830,0.0,0.0,126.12555694580078
2021-01-01 00:00:00+05:30,125.46224871660932,128.95435800898233,124.85747508460297,127.90087127685547,46065,0.0,0.0,127.90087127685547
2021-01-04 00:00:00+05:30,125.83291695138473,128.01792799938443,125.25740563210248,127.68626403808594,43660,0.0,0.0,127.68626403808594
2021-01-05 00:00:00+05:30,124.92576247546468,127.78382094455544,124.92576247546468,127.51069641113281,23850,0.0,0.0,127.51069641113281
2021-01-06 00:00:00+05:30,129.34453575108904,129.34453575108904,125.6378267921269,126.46694946289062,25160,0.0,0.0,126.46694946289062
2021-01-07 00:00:00+05:30,127.60824140279641,128.17398870734002,126.41819246863489,126.818115234375,24260,0.0,0.0,126.818115234375
2021-01-08 00:00:00+05:30,127.4619213984881,131.49053060584268,127.24732142379018,129.47134399414062,103765,0.0,0.0,129.47134399414062
2021-01-11 00:00:00+05:30,130.40777755498684,131.68561334748404,125.25740809035219,127.15953063964844,45390,0.0,0.0,127.15953063964844
2021-01-12 00:00:00+05:30,131.490530600159,131.490530600159,124.85747430107996,126.53524780273438,39245,0.0,0.0,126.53524780273438
2021-01-13 00:00:00+05:30,128.75926803101342,128.75926803101342,125.20863426552503,126.19383239746094,35095,0.0,0.0,126.19383239746094
2021-01-14 00:00:00+05:30,127.97890444219321,129.0616534158765,125.1696214737431,125.53053283691406,33625,0.0,0.0,125.53053283691406
2021-01-15 00:00:00+05:30,125.5402854628393,126.80837216128631,122.516394999718,123.21871948242188,48825,0.0,0.0,123.21871948242188
2021-01-18 00:00:00+05:30,122.34080916726377,123.03337704934424,120.2240866688099,120.46794891357422,33995,0.0,0.0,120.46794891357422
2021-01-19 00:00:00+05:30,120.5654937233691,122.51639170414234,119.39495791173923,121.23855590820312,28570,0.0,0.0,121.23855590820312
2021-01-20 00:00:00+05:30,121.93112040795434,123.91128061264591,119.80464137035621,120.01924133300781,24320,0.0,0.0,120.01924133300781
2021-01-21 00:00:00+05:30,119.98022088441745,121.72627539846852,119.90218318229469,120.11678314208984,32295,0.0,0.0,120.11678314208984
2021-01-22 00:00:00+05:30,120.95567401329782,122.38958521047941,116.8587912574234,117.10265350341797,38250,0.0,0.0,117.10265350341797
2021-01-25 00:00:00+05:30,118.80968187487395,119.00476868276591,113.18133741796588,113.63004302978516,40635,0.0,0.0,113.63004302978516
2021-01-27 00:00:00+05:30,113.16183229540862,118.52680140293329,113.16183229540862,114.93714904785156,19185,0.0,0.0,114.93714904785156
2021-01-28 00:00:00+05:30,118.6926282909247,118.6926282909247,112.66435349457076,113.26913452148438,20135,0.0,0.0,113.26913452148438
2021-01-29 00:00:00+05:30,114.59574603678085,115.68824409895493,112.00104825494765,112.67411041259766,27510,0.0,0.0,112.67411041259766
2021-02-01 00:00:00+05:30,113.93243734377047,117.8342330412683,113.21059978143239,115.63947296142578,53945,0.0,0.0,115.63947296142578
2021-02-02 00:00:00+05:30,127.06198109200781,134.41687487037476,120.95567572423107,125.26715850830078,1027765,0.0,0.0,125.26715850830078
2021-02-03 00:00:00+05:30,127.74480621058842,130.27121552112595,124.00882735271625,125.53053283691406,275680,0.0,0.0,125.53053283691406
2021-02-04 00:00:00+05:30,128.17397708663137,135.42157001657733,126.22307932346091,131.29542541503906,400705,0.0,0.0,131.29542541503906
2021-02-05 00:00:00+05:30,134.611963607263,135.6849634737428,131.6856165723225,132.18309020996094,183970,0.0,0.0,132.18309020996094
2021-02-08 00:00:00+05:30,134.4168761310815,134.4168761310815,126.65229548692443,127.01322174072266,169690,0.0,0.0,127.01322174072266
2021-02-09 00:00:00+05:30,127.78381173080865,132.91466782063011,125.09157800226217,128.8568115234375,187495,0.0,0.0,128.8568115234375
2021-02-10 00:00:00+05:30,131.49052076140137,133.63650546354407,128.7982721473621,132.6610565185547,105295,0.0,0.0,132.6610565185547
2021-02-11 00:00:00+05:30,133.05122404678093,134.611948240923,130.0078282407898,132.07577514648438,102300,0.0,0.0,132.07577514648438
2021-02-12 00:00:00+05:30,133.83159676307838,134.61195892206933,131.0223138285492,131.71487426757812,104100,0.0,0.0,131.71487426757812
2021-02-15 00:00:00+05:30,134.08523604727955,134.10473431212486,131.28568708812665,131.48077392578125,36445,0.0,0.0,131.48077392578125
2021-02-16 00:00:00+05:30,131.490517649117,132.19284206361945,128.75925769095977,129.7054443359375,1813565,0.0,0.0,129.7054443359375
2021-02-17 00:00:00+05:30,129.7737199516059,130.31998385870068,128.5641727963199,129.28599548339844,116585,0.0,0.0,129.28599548339844
2021-02-18 00:00:00+05:30,128.36908164085315,131.64659055163744,128.36908164085315,130.232177734375,52930,0.0,0.0,130.232177734375
2021-02-19 00:00:00+05:30,129.92979619360136,129.92979619360136,126.38892665275957,126.84737396240234,78650,0.0,0.0,126.84737396240234
2021-02-22 00:00:00+05:30,126.8083696275388,128.008167726447,122.02866805316066,122.71148681640625,1274615,0.0,0.0,122.71148681640625
2021-02-23 00:00:00+05:30,123.10165729297877,124.45753076872955,117.73668794683003,118.23416900634766,179250,0.0,0.0,118.23416900634766
2021-02-24 00:00:00+05:30,118.98526745075496,119.61930332127582,117.05387523486235,117.84398651123047,112820,0.0,0.0,117.84398651123047
2021-02-25 00:00:00+05:30,120.54598943821479,125.79390983125435,118.62435371378099,125.32568359375,424260,0.0,0.0,125.32568359375
2021-02-26 00:00:00+05:30,125.05255911675192,125.05255911675192,118.75115945500835,119.61930847167969,248465,0.0,0.0,119.61930847167969
2021-03-01 00:00:00+05:30,121.67750407974121,124.84771327511925,120.62402483387721,121.28732299804688,156575,0.0,0.0,121.28732299804688
2021-03-02 00:00:00+05:30,123.88202525071895,125.02329881535343,121.99940834883171,123.87226867675781,87500,0.0,0.0,123.87226867675781
2021-03-03 00:00:00+05:30,125.6378267921269,128.64221132163644,124.54532129719121,126.46694946289062,93570,0.0,0.0,126.46694946289062
2021-03-04 00:00:00+05:30,127.7643072393845,134.192527531136,124.974522473733,131.529541015625,192385,0.0,0.0,131.529541015625
2021-03-05 00:00:00+05:30,131.68561677402465,134.5924506656168,127.58873389566692,128.37884521484375,105105,0.0,0.0,128.37884521484375
2021-03-08 00:00:00+05:30,129.53962025199178,132.2513670734942,126.90591113061086,127.4814224243164,96855,0.0,0.0,127.4814224243164
2021-03-09 00:00:00+05:30,131.49052728405113,131.49052728405113,125.03304482665962,126.34990692138672,84595,0.0,0.0,126.34990692138672
2021-03-10 00:00:00+05:30,126.61327681979135,129.36403512191166,125.31592792882861,126.79861450195312,168220,0.0,0.0,126.79861450195312
2021-03-12 00:00:00+05:30,128.0569374242197,128.52514875433022,122.97484926955579,124.19416046142578,50685,0.0,0.0,124.19416046142578
2021-03-15 00:00:00+05:30,124.19416081121426,125.97922674515496,122.51638741574219,123.59913635253906,70715,0.0,0.0,123.59913635253906
2021-03-16 00:00:00+05:30,124.6623858805919,125.25741036931782,122.21400679298617,122.82853698730469,65255,0.0,0.0,122.82853698730469
2021-03-17 00:00:00+05:30,122.82852950909266,123.85275387935062,120.87763161685643,121.19953155517578,65800,0.0,0.0,121.19953155517578
2021-03-18 00:00:00+05:30,123.87226176024797,123.87226176024797,118.5268056091661,120.39966583251953,69250,0.0,0.0,120.39966583251953
2021-03-19 00:00:00+05:30,121.73603753279895,121.73603753279895,117.51234159904362,120.5362319946289,24310,0.0,0.0,120.5362319946289
2021-03-22 00:00:00+05:30,121.93112004903044,122.12620686427489,118.0878487636178,119.47299194335938,38030,0.0,0.0,119.47299194335938
2021-03-23 00:00:00+05:30,120.2045795496556,121.14100966548419,119.00477404501225,119.69734191894531,46390,0.0,0.0,119.69734191894531
2021-03-24 00:00:00+05:30,119.39495601846913,119.97046734147034,118.0293259651659,118.39999389648438,20150,0.0,0.0,118.39999389648438
2021-03-25 00:00:00+05:30,119.39495637403611,121.54094114841418,117.44405841838874,119.05355072021484,73955,0.0,0.0,119.05355072021484
2021-03-26 00:00:00+05:30,120.9556701881963,120.9556701881963,119.02427798648031,119.90218353271484,25880,0.0,0.0,119.90218353271484
2021-03-30 00:00:00+05:30,121.33609684188782,121.48241567587593,118.22441224460871,119.48274230957031,60675,0.0,0.0,119.48274230957031
2021-03-31 00:00:00+05:30,121.69701682630104,125.55979389397837,121.46290371280415,124.27220153808594,139920,0.0,0.0,124.27220153808594
2021-04-01 00:00:00+05:30,127.17904058805503,130.3199874403693,125.23789179293846,127.73503875732422,228595,0.0,0.0,127.73503875732422
2021-04-05 00:00:00+05:30,130.51508209385457,131.10034257643287,127.78382185597663,129.91029357910156,306925,0.0,0.0,129.91029357910156
2021-04-06 00:00:00+05:30,131.1003493828947,131.72463619389242,129.53963979748622,131.48077392578125,184395,0.0,0.0,131.48077392578125
2021-04-07 00:00:00+05:30,132.64155083478988,133.65602612979046,131.58806412882956,132.387939453125,136260,0.0,0.0,132.387939453125
2021-04-08 00:00:00+05:30,133.43166730997515,134.02669181830345,132.27089545788525,132.5342559814453,92940,0.0,0.0,132.5342559814453
2021-04-09 00:00:00+05:30,132.81714317334064,139.56724865839087,132.67081688869462,136.9822998046875,491185,0.0,0.0,136.9822998046875
2021-04-12 00:00:00+05:30,137.3432184802867,137.3432184802867,130.93451157837308,132.03677368164062,260295,0.0,0.0,132.03677368164062
2021-04-13 00:00:00+05:30,132.924429893671,138.6503103513446,132.8463921931501,136.231201171875,210900,0.0,0.0,136.231201171875
2021-04-15 00:00:00+05:30,138.31867623856547,146.21980449720263,132.70984428331192,140.9036102294922,351856,0.0,5.0,140.9036102294922
2021-04-16 00:00:00+05:30,141.83028984802365,144.17137656342393,139.48921801679506,141.4888916015625,163202,0.0,0.0,141.4888916015625
2021-04-19 00:00:00+05:30,136.80672725640204,143.78118190796195,134.75827832777145,140.9036102294922,181542,0.0,0.0,140.9036102294922
2021-04-20 00:00:00+05:30,140.90360497623655,142.95205382849562,138.51375790471468,139.3428955078125,70816,0.0,0.0,139.3428955078125
2021-04-22 00:00:00+05:30,137.9284807811121,141.1962408405901,133.14878669941658,139.4404296875,125876,0.0,0.0,139.4404296875
2021-04-23 00:00:00+05:30,140.46465334862268,144.75662291394025,139.489204367035,141.39132690429688,56526,0.0,0.0,141.39132690429688
2021-04-26 00:00:00+05:30,144.2689016941317,146.31735055557803,140.4646565333549,141.1962432861328,46156,0.0,0.0,141.1962432861328
2021-04-27 00:00:00+05:30,143.1959184227977,149.39001073944692,141.53765807362274,146.31735229492188,254092,0.0,0.0,146.31735229492188
2021-04-28 00:00:00+05:30,150.95073035588308,150.95073035588308,145.9759345811164,146.6099853515625,97840,0.0,0.0,146.6099853515625
2021-04-29 00:00:00+05:30,149.73142909261267,150.6581027127685,145.00049524904728,146.4636688232422,50834,0.0,0.0,146.4636688232422
2021-04-30 00:00:00+05:30,148.75596976157865,149.24369425260022,146.3173473064708,147.58543395996094,96668,0.0,0.0,147.58543395996094
2021-05-03 00:00:00+05:30,146.60997927105953,154.12093316359045,145.8783925630045,153.1942596435547,158931,0.0,0.0,153.1942596435547
2021-05-04 00:00:00+05:30,155.19394154702977,157.2911509392178,148.5121099565638,149.34124755859375,113326,0.0,0.0,149.34124755859375
2021-05-05 00:00:00+05:30,151.77986864477955,156.16938909535796,146.7562974208376,154.65744018554688,106271,0.0,0.0,154.65744018554688
2021-05-06 00:00:00+05:30,153.58443380430754,157.9739540679794,152.36512261995424,153.63320922851562,47396,0.0,0.0,153.63320922851562
2021-05-07 00:00:00+05:30,156.85219882114865,156.85219882114865,151.68231625491867,152.36512756347656,67442,0.0,0.0,152.36512756347656
2021-05-10 00:00:00+05:30,152.17004807329408,157.5350177169038,150.7068745341278,151.43846130371094,701668,0.0,0.0,151.43846130371094
2021-05-11 00:00:00+05:30,152.1700402224619,153.58443826051612,150.9995044283539,151.92617797851562,158664,0.0,0.0,151.92617797851562
2021-05-12 00:00:00+05:30,155.09639370051207,155.09639370051207,151.19459763257464,151.5360107421875,109633,0.0,0.0,151.5360107421875
2021-05-14 00:00:00+05:30,154.99883209859075,154.99883209859075,148.26824030172006,148.853515625,129506,0.0,0.0,148.853515625
2021-05-17 00:00:00+05:30,152.4626724849001,152.60898387241085,147.78051459035208,149.38999938964844,118776,0.0,0.0,149.38999938964844
2021-05-18 00:00:00+05:30,151.6335403670684,151.92617803675012,147.6829690367908,148.12193298339844,132639,0.0,0.0,148.12193298339844
2021-05-19 00:00:00+05:30,149.63387238147067,152.1700457645481,148.65842337015948,151.0970458984375,113759,0.0,0.0,151.0970458984375
2021-05-20 00:00:00+05:30,151.14581025328906,156.6083302701301,150.3166875849163,155.14515686035156,212770,0.0,0.0,155.14515686035156
2021-05-21 00:00:00+05:30,158.99818120300154,158.99818120300154,152.3651252680055,152.99917602539062,94128,0.0,0.0,152.99917602539062
2021-05-24 00:00:00+05:30,155.82796630942082,160.1687110638979,153.1454817563635,158.60800170898438,201201,0.0,0.0,158.60800170898438
2021-05-25 00:00:00+05:30,160.85152418742337,164.1680595125868,156.75464161791052,161.33924865722656,194290,0.0,0.0,161.33924865722656
2021-05-26 00:00:00+05:30,162.07083963577455,168.75267100194742,158.41290601579016,166.80177307128906,430411,0.0,0.0,166.80177307128906
2021-05-27 00:00:00+05:30,168.75267913194205,171.4351639158313,163.87543407032524,169.14285278320312,150104,0.0,0.0,169.14285278320312
2021-05-28 00:00:00+05:30,171.48392834646293,172.6544641093534,166.31404593584605,167.43580627441406,102889,0.0,0.0,167.43580627441406
2021-05-31 00:00:00+05:30,170.70357642499636,170.70357642499636,165.24105602572823,165.87510681152344,140110,0.0,0.0,165.87510681152344
2021-06-01 00:00:00+05:30,167.28950336325738,168.16740150887156,161.1929471182407,163.58279418945312,138345,0.0,0.0,163.58279418945312
2021-06-02 00:00:00+05:30,165.28982839532566,168.4112621868062,162.4610322777087,167.48458862304688,97789,0.0,0.0,167.48458862304688
2021-06-03 00:00:00+05:30,170.65479003578227,170.65479003578227,164.85087178697995,165.58245849609375,87399,0.0,0.0,165.58245849609375
2021-06-04 00:00:00+05:30,167.77721277858066,167.77721277858066,163.4364680992245,164.021728515625,97584,0.0,0.0,164.021728515625
2021-06-07 00:00:00+05:30,165.33860206006014,170.02076013947993,164.0705154096091,168.55758666992188,139189,0.0,0.0,168.55758666992188
2021-06-08 00:00:00+05:30,170.70357715658878,171.04499026457026,167.09441878782647,169.14285278320312,91144,0.0,0.0,169.14285278320312
2021-06-09 00:00:00+05:30,171.87410947248765,171.87410947248765,165.82632869684844,166.50914001464844,154262,0.0,0.0,166.50914001464844
2021-06-10 00:00:00+05:30,169.6305762686483,169.6305762686483,166.89933095791417,168.26495361328125,68788,0.0,0.0,168.26495361328125
2021-06-11 00:00:00+05:30,169.5330397844383,169.5330397844383,166.3140550960674,167.8260040283203,62453,0.0,0.0,167.8260040283203
2021-06-14 00:00:00+05:30,168.46003695122857,169.33794996936976,163.92420511876185,165.63124084472656,92924,0.0,0.0,165.63124084472656
2021-06-15 00:00:00+05:30,165.82632412223614,168.70389559340566,162.21716592699795,162.99752807617188,122997,0.0,0.0,162.99752807617188
2021-06-16 00:00:00+05:30,164.75332019859565,165.5336823283118,163.241386247222,163.72911071777344,68851,0.0,0.0,163.72911071777344
2021-06-17 00:00:00+05:30,163.7291054487339,167.7772124703687,161.778207629311,164.99717712402344,66392,0.0,0.0,164.99717712402344
2021-06-18 00:00:00+05:30,168.65511291544982,168.65511291544982,158.90062368068305,165.33859252929688,62072,0.0,0.0,165.33859252929688
2021-06-21 00:00:00+05:30,164.75332820467634,165.4361544039655,161.92453209168255,164.65579223632812,50822,0.0,0.0,164.65579223632812
2021-06-22 00:00:00+05:30,165.82632794098143,171.6790218683102,165.82632794098143,168.4600372314453,164220,0.0,0.0,168.4600372314453
2021-06-23 00:00:00+05:30,170.70355891905194,174.36149232446022,168.7526611028342,169.3379364013672,152756,0.0,0.0,169.3379364013672
2021-06-24 00:00:00+05:30,172.6544707138173,172.6544707138173,165.87510323041954,167.04563903808594,93840,0.0,0.0,167.04563903808594
2021-06-25 00:00:00+05:30,169.63056572767061,173.6299123592769,167.87476953249683,169.38670349121094,230818,0.0,0.0,169.38670349121094
2021-06-28 00:00:00+05:30,184.3598527759113,194.01679149145775,176.263623460241,177.8731231689453,1744262,0.0,0.0,177.8731231689453
2021-06-29 00:00:00+05:30,181.33594807058853,182.65281006477667,173.1909585282416,175.4344940185547,519928,0.0,0.0,175.4344940185547
2021-06-30 00:00:00+05:30,177.5317153458959,182.40896027298092,176.55626636047887,179.433837890625,287164,0.0,0.0,179.433837890625
2021-07-01 00:00:00+05:30,182.4089626134836,182.4089626134836,178.06821754951554,179.77525329589844,127839,0.0,0.0,179.77525329589844
2021-07-02 00:00:00+05:30,181.87247062475546,182.36019514500643,178.89734807439027,179.28753662109375,198081,0.0,0.0,179.28753662109375
2021-07-05 00:00:00+05:30,181.43349707454368,181.43349707454368,174.3614924842725,175.5320281982422,221296,0.0,0.0,175.5320281982422
2021-07-06 00:00:00+05:30,176.068550749198,176.94644892668902,174.11765267995483,174.60537719726562,192345,0.0,0.0,174.60537719726562
2021-07-07 00:00:00+05:30,174.6053776258833,174.9955512870213,173.14220407035913,173.6299285888672,89347,0.0,0.0,173.6299285888672
2021-07-08 00:00:00+05:30,174.605370665104,176.6050440881027,171.92288592024906,173.58114624023438,83554,0.0,0.0,173.58114624023438
2021-07-09 00:00:00+05:30,174.31273081081935,175.87345514199305,172.80078190577677,175.6295928955078,90849,0.0,0.0,175.6295928955078
2021-07-12 00:00:00+05:30,176.55626022250823,178.40960727670088,175.82467350887904,177.4341583251953,109273,0.0,0.0,177.4341583251953
2021-07-13 00:00:00+05:30,179.2875204198537,179.2875204198537,174.70291332061478,175.0443115234375,117775,0.0,0.0,175.0443115234375
2021-07-14 00:00:00+05:30,177.48293858221479,177.48293858221479,173.3372804254357,174.75167846679688,89292,0.0,0.0,174.75167846679688
2021-07-15 00:00:00+05:30,176.5562762021288,176.5562762021288,173.14220456286114,174.06887817382812,46081,0.0,0.0,174.06887817382812
2021-07-16 00:00:00+05:30,174.2151927574024,174.80045321145934,172.36183077579676,172.89833068847656,83753,0.0,0.0,172.89833068847656
2021-07-19 00:00:00+05:30,172.8983357035984,173.72747330944188,170.8011263017646,171.6302490234375,52577,0.0,0.0,171.6302490234375
2021-07-20 00:00:00+05:30,171.38638574771855,172.1667479219325,167.28950293830837,170.75234985351562,135875,0.0,0.0,170.75234985351562
2021-07-22 00:00:00+05:30,175.38573088892144,175.38573088892144,171.92288400726028,173.23974609375,40306,0.0,0.0,173.23974609375
2021-07-23 00:00:00+05:30,174.3614993081123,174.50781069652112,170.06952989419588,171.7765655517578,85304,0.0,0.0,171.7765655517578
2021-07-26 00:00:00+05:30,174.11763526349515,174.11763526349515,171.0937376049711,171.8740997314453,74354,0.0,0.0,171.8740997314453
2021-07-27 00:00:00+05:30,173.3372729219808,174.1176350474869,169.53302802587157,170.45970153808594,2749604,0.0,0.0,170.45970153808594
2021-07-28 00:00:00+05:30,171.6790234235701,172.020436526092,167.28950293830837,170.75234985351562,107705,0.0,0.0,170.75234985351562
2021-07-29 00:00:00+05:30,171.9716598116913,176.50749165882908,171.5814712854208,172.26429748535156,143682,0.0,0.0,172.26429748535156
2021-07-30 00:00:00+05:30,174.31272819532663,174.800452680979,172.0204320432625,172.45938110351562,98824,0.0,0.0,172.45938110351562
2021-08-02 00:00:00+05:30,175.58080811588727,175.58080811588727,169.3379408921013,171.43515014648438,195579,0.0,0.0,171.43515014648438
2021-08-03 00:00:00+05:30,173.6299111288743,173.6299111288743,170.60601346453507,170.89865112304688,78730,0.0,0.0,170.89865112304688
2021-08-04 00:00:00+05:30,172.65445798641935,172.65445798641935,163.87541774982174,165.43614196777344,146381,0.0,0.0,165.43614196777344
2021-08-05 00:00:00+05:30,166.4115970062158,170.3621533507136,161.92452587762574,169.82566833496094,170665,0.0,0.0,169.82566833496094
2021-08-06 00:00:00+05:30,166.99685063549265,170.50847266979335,166.99685063549265,169.77688598632812,67104,0.0,0.0,169.77688598632812
2021-08-09 00:00:00+05:30,169.77689683012215,170.3621572837739,166.07018775364725,166.7042236328125,38837,0.0,0.0,166.7042236328125
2021-08-10 00:00:00+05:30,168.1186342118293,168.1186342118293,161.68066512207855,162.55856323242188,90962,0.0,0.0,162.55856323242188
2021-08-11 00:00:00+05:30,162.89999068228232,164.16807741891878,156.65712274154,163.09507751464844,87171,0.0,0.0,163.09507751464844
2021-08-12 00:00:00+05:30,163.19261291744482,164.8508731617647,160.55890371950503,161.6806640625,52528,0.0,0.0,161.6806640625
2021-08-13 00:00:00+05:30,161.6806688231935,165.43615335887847,160.949082086437,162.80242919921875,104502,0.0,0.0,162.80242919921875
2021-08-16 00:00:00+05:30,162.41225946667123,168.36250435575505,161.4368104608654,166.85055541992188,93804,0.0,0.0,166.85055541992188
2021-08-17 00:00:00+05:30,166.996861669709,169.97198402254747,164.8508768999169,165.72877502441406,87083,0.0,0.0,165.72877502441406
2021-08-18 00:00:00+05:30,166.6066947937846,166.6066947937846,162.41226105106705,162.94876098632812,79529,0.0,0.0,162.94876098632812
2021-08-20 00:00:00+05:30,160.94908194103607,162.80242905214354,156.07183703373195,161.38803100585938,70409,0.0,0.0,161.38803100585938
2021-08-23 00:00:00+05:30,162.99753783192523,166.16774715930006,160.46136441635701,162.85121154785156,96157,0.0,0.0,162.85121154785156
2021-08-24 00:00:00+05:30,162.85120744005113,164.70456946903852,162.36348294044979,163.58279418945312,23707,0.0,0.0,163.58279418945312
2021-08-25 00:00:00+05:30,164.85087104637378,166.89931977635754,162.50979954139493,163.72911071777344,59387,0.0,0.0,163.72911071777344
2021-08-26 00:00:00+05:30,162.16838123952792,165.82631465094582,162.16838123952792,164.99717712402344,48834,0.0,0.0,164.99717712402344
2021-08-27 00:00:00+05:30,159.53467833761954,166.31404554578992,159.53467833761954,164.6070098876953,58656,0.0,0.0,164.6070098876953
2021-08-30 00:00:00+05:30,166.80177236558504,166.85054779047914,164.3631499625794,164.94842529296875,47438,0.0,0.0,164.94842529296875
2021-08-31 00:00:00+05:30,166.26526019321022,166.26526019321022,163.38768894680183,163.77786254882812,83263,0.0,0.0,163.77786254882812
2021-09-01 00:00:00+05:30,165.143505488564,165.28981687321144,162.8999699908974,163.9241943359375,38705,0.0,0.0,163.9241943359375
2021-09-02 00:00:00+05:30,164.85086925129994,164.85086925129994,163.48524670229426,163.82664489746094,20428,0.0,0.0,163.82664489746094
2021-09-03 00:00:00+05:30,165.6800178129974,168.55758937243073,164.41193114221497,166.94808959960938,62484,0.0,0.0,166.94808959960938
2021-09-06 00:00:00+05:30,167.7284568826769,169.63057950471477,164.36316072304518,168.0698699951172,71468,0.0,0.0,168.0698699951172
2021-09-07 00:00:00+05:30,169.2403893355388,169.2403893355388,165.09473138351552,166.21649169921875,38502,0.0,0.0,166.21649169921875
2021-09-08 00:00:00+05:30,167.67966162572992,167.67966162572992,163.87541683152293,164.99717712402344,36936,0.0,0.0,164.99717712402344
2021-09-09 00:00:00+05:30,163.43647938016616,168.46003566748382,163.43647938016616,167.1431884765625,83096,0.0,0.0,167.1431884765625
2021-09-13 00:00:00+05:30,168.41125418588132,178.84856979141097,168.41125418588132,177.53170776367188,509833,0.0,0.0,177.53170776367188
2021-09-14 00:00:00+05:30,177.43308181912775,182.95629679891502,177.43308181912775,182.31521606445312,252858,2.0,0.0,182.31521606445312
2021-09-15 00:00:00+05:30,183.44943344175584,191.53698609970832,182.90697242973323,190.10687255859375,221702,0.0,0.0,190.10687255859375
2021-09-16 00:00:00+05:30,195.28489163506592,197.40540337794977,190.35345497761475,194.05203247070312,221708,0.0,0.0,194.05203247070312
2021-09-17 00:00:00+05:30,195.58077994697487,195.58077994697487,183.0549339044355,185.9151611328125,138153,0.0,0.0,185.9151611328125
2021-09-20 00:00:00+05:30,185.96447826322643,189.90962756586904,179.20840406263085,183.69601440429688,98159,0.0,0.0,183.69601440429688
2021-09-21 00:00:00+05:30,185.27406815334646,187.69046893490395,178.22210520157955,185.02749633789062,53097,0.0,0.0,185.02749633789062
2021-09-22 00:00:00+05:30,195.72871669731575,195.72871669731575,184.5343645848085,191.8822021484375,104924,0.0,0.0,191.8822021484375
2021-09-23 00:00:00+05:30,195.77803590002856,195.77803590002856,189.5151053060765,190.30413818359375,58412,0.0,0.0,190.30413818359375
2021-09-24 00:00:00+05:30,192.3260249277834,192.3260249277834,187.39458839117358,189.07127380371094,52629,0.0,0.0,189.07127380371094
2021-09-27 00:00:00+05:30,191.33973790757665,193.31231252518052,188.28224123047062,191.29042053222656,55222,0.0,0.0,191.29042053222656
2021-09-28 00:00:00+05:30,191.14248520999743,207.1203367493207,191.04385045839197,206.08473205566406,516895,0.0,0.0,206.08473205566406
2021-09-29 00:00:00+05:30,205.83815496844227,206.33129861477278,201.59711660009,204.85186767578125,299468,0.0,0.0,204.85186767578125
2021-09-30 00:00:00+05:30,205.83815099175428,206.47924674932813,201.6957474525171,205.78883361816406,53239,0.0,0.0,205.78883361816406
2021-10-01 00:00:00+05:30,206.92307030668803,216.98319735601146,203.86557377866998,212.64353942871094,293867,0.0,0.0,212.64353942871094
2021-10-04 00:00:00+05:30,222.7529906144764,226.40225057999362,219.00509590007366,222.01327514648438,528077,0.0,0.0,222.01327514648438
2021-10-05 00:00:00+05:30,223.68995413423778,223.83789120378603,218.8571375184888,221.56942749023438,118860,0.0,0.0,221.56942749023438
2021-10-06 00:00:00+05:30,221.56943797716465,240.0623250234298,221.56943797716465,224.03515625,491554,0.0,0.0,224.03515625
2021-10-07 00:00:00+05:30,228.81864771777094,231.77750954170764,225.85978589383424,231.1364288330078,162999,0.0,0.0,231.1364288330078
2021-10-08 00:00:00+05:30,231.77752113134287,231.77752113134287,225.1693990706997,226.1063690185547,90424,0.0,0.0,226.1063690185547
2021-10-11 00:00:00+05:30,230.6432919754336,231.678881604613,227.2899061133364,229.31179809570312,113845,0.0,0.0,229.31179809570312
2021-10-12 00:00:00+05:30,229.31179367680272,230.5939701567335,226.10636000175066,227.28990173339844,82935,0.0,0.0,227.28990173339844
2021-10-13 00:00:00+05:30,227.28989895327985,231.77750905337206,227.28989895327985,228.1775665283203,48429,0.0,0.0,228.1775665283203
2021-10-14 00:00:00+05:30,231.77751054377308,231.77751054377308,224.28172120423974,225.1200714111328,55495,0.0,0.0,225.1200714111328
2021-10-18 00:00:00+05:30,231.23506009325305,231.23506009325305,225.5639079804649,226.1063690185547,42086,0.0,0.0,226.1063690185547
2021-10-19 00:00:00+05:30,229.8049348783816,229.8049348783816,214.61611687619677,218.46263122558594,45718,0.0,0.0,218.46263122558594
2021-10-20 00:00:00+05:30,218.46262864556172,226.1063549300001,208.25454945878235,214.86268615722656,88994,0.0,0.0,214.86268615722656
2021-10-21 00:00:00+05:30,219.94206154632573,231.77750880442397,217.1804541761929,226.69813537597656,219347,0.0,0.0,226.69813537597656
2021-10-22 00:00:00+05:30,228.81865956084258,229.3118032236892,217.52567269156447,220.87904357910156,87735,0.0,0.0,220.87904357910156
2021-10-25 00:00:00+05:30,264.3249987362973,264.3249987362973,222.01327921213536,223.29544067382812,171868,0.0,0.0,223.29544067382812
2021-10-26 00:00:00+05:30,223.29544379242094,224.8735095282286,220.78042315970592,223.1475067138672,77166,0.0,0.0,223.1475067138672
2021-10-27 00:00:00+05:30,226.8460758756014,226.89539324983213,222.1118938908963,223.54200744628906,37180,0.0,0.0,223.54200744628906
2021-10-28 00:00:00+05:30,223.54201584102907,223.54201584102907,215.0599538890548,216.4407501220703,74201,0.0,0.0,216.4407501220703
2021-10-29 00:00:00+05:30,210.07919810112233,222.95025057215747,210.07919810112233,217.2790985107422,88381,0.0,0.0,217.2790985107422
2021-11-01 00:00:00+05:30,227.33922940780394,228.12826228116842,216.4900687853057,219.3502960205078,117471,0.0,0.0,219.3502960205078
2021-11-02 00:00:00+05:30,220.87903805952232,227.83236654181226,219.94206813343783,224.87350463867188,70908,0.0,0.0,224.87350463867188
2021-11-03 00:00:00+05:30,226.74744861257875,227.73373593155395,223.83790403151193,224.67625427246094,45468,0.0,0.0,224.67625427246094
2021-11-04 00:00:00+05:30,226.8460838807744,230.79123316565742,224.1831111233884,229.1145477294922,54225,0.0,0.0,229.1145477294922
2021-11-08 00:00:00+05:30,230.79123136395307,230.79123136395307,221.91464554226258,222.5064239501953,104783,0.0,0.0,222.5064239501953
2021-11-09 00:00:00+05:30,226.5501910166907,226.5501910166907,223.14750282332784,224.82418823242188,37917,0.0,0.0,224.82418823242188
2021-11-10 00:00:00+05:30,225.85978651468736,226.0570409602488,221.96395477903823,222.9009246826172,47944,0.0,0.0,222.9009246826172
2021-11-11 00:00:00+05:30,224.28172049085148,224.28172049085148,219.596855930932,220.68177795410156,41083,0.0,0.0,220.68177795410156
2021-11-12 00:00:00+05:30,221.91463752250294,225.4652777426828,221.42149388356404,223.64064025878906,28789,0.0,0.0,223.64064025878906
2021-11-15 00:00:00+05:30,223.88721222505671,224.28172111664668,216.98320127538537,218.41331481933594,59956,0.0,0.0,218.41331481933594
2021-11-16 00:00:00+05:30,221.81601220814983,221.86532958405098,215.9476056651189,217.96949768066406,32869,0.0,0.0,217.96949768066406
2021-11-17 00:00:00+05:30,219.79413200203533,219.79413200203533,216.44074613434472,217.37771606445312,24527,0.0,0.0,217.37771606445312
2021-11-18 00:00:00+05:30,218.90646646983652,219.79413408272393,214.5174909296908,216.5393829345703,40360,0.0,0.0,216.5393829345703
2021-11-22 00:00:00+05:30,216.5393760675443,216.5393760675443,203.37243481511496,204.95050048828125,60689,0.0,0.0,204.95050048828125
2021-11-23 00:00:00+05:30,204.9998142906041,210.96684021121595,200.7094586630003,208.1066131591797,46145,0.0,0.0,208.1066131591797
2021-11-24 00:00:00+05:30,208.50113217711157,213.7284579516561,205.64090498609386,207.6134796142578,42064,0.0,0.0,207.6134796142578
2021-11-25 00:00:00+05:30,210.86822728365675,210.86822728365675,204.75324904708765,205.54226684570312,37584,0.0,0.0,205.54226684570312
2021-11-26 00:00:00+05:30,204.9505090565731,207.12033816072784,197.20814753884008,199.32867431640625,96806,0.0,0.0,199.32867431640625
2021-11-29 00:00:00+05:30,197.25746621890946,200.9067263340492,184.53436566760993,193.31231689453125,91754,0.0,0.0,193.31231689453125
2021-11-30 00:00:00+05:30,191.38905452114594,211.50930952080142,191.38905452114594,207.7121124267578,84741,0.0,0.0,207.7121124267578
2021-12-01 00:00:00+05:30,211.95313803337564,211.95313803337564,200.21632500139003,201.6464385986328,54864,0.0,0.0,201.6464385986328
2021-12-02 00:00:00+05:30,203.66832864753124,203.66832864753124,198.83552686893523,201.7450714111328,29469,0.0,0.0,201.7450714111328
2021-12-03 00:00:00+05:30,201.79439254376723,202.7806798679312,197.30678220891116,198.58895874023438,58119,0.0,0.0,198.58895874023438
2021-12-06 00:00:00+05:30,198.8355321274151,198.8355321274151,194.29860438093357,194.791748046875,54731,0.0,0.0,194.791748046875
2021-12-07 00:00:00+05:30,194.79173757000385,201.74506589570376,194.6931028223005,199.03277587890625,54977,0.0,0.0,199.03277587890625
2021-12-08 00:00:00+05:30,199.96974291583803,203.66832015842442,198.44099464565912,200.66014099121094,45135,0.0,0.0,200.66014099121094
2021-12-09 00:00:00+05:30,203.17517893788107,203.17517893788107,199.18071245856137,202.04095458984375,44194,0.0,0.0,202.04095458984375
2021-12-10 00:00:00+05:30,202.0409626440345,203.42175886621544,201.39986685908968,202.3861541748047,39947,0.0,0.0,202.3861541748047
2021-12-13 00:00:00+05:30,205.44365123105547,206.87376483142225,203.42175922040926,205.3450164794922,63846,0.0,0.0,205.3450164794922
2021-12-14 00:00:00+05:30,205.14776211361288,207.02170199771527,203.12587010210234,206.08473205566406,38912,0.0,0.0,206.08473205566406
2021-12-15 00:00:00+05:30,206.6271902742219,210.6216568669987,204.161472013193,206.97239685058594,56302,0.0,0.0,206.97239685058594
2021-12-16 00:00:00+05:30,209.09291138502851,209.09291138502851,204.5559837030805,206.08473205566406,52207,0.0,0.0,206.08473205566406
2021-12-17 00:00:00+05:30,208.89565826783775,208.89565826783775,195.82735122266521,198.58895874023438,86448,0.0,0.0,198.58895874023438
2021-12-20 00:00:00+05:30,199.23003508449563,200.21632238689412,192.52327841827588,196.5670623779297,66345,0.0,0.0,196.5670623779297
2021-12-21 00:00:00+05:30,199.72317780838975,206.6271888931242,197.10952248898877,205.54226684570312,43050,0.0,0.0,205.54226684570312
2021-12-22 00:00:00+05:30,209.1915355138738,211.805190753645,203.0272400903102,204.3587188720703,79350,0.0,0.0,204.3587188720703
2021-12-23 00:00:00+05:30,204.30940741351057,207.2682693024799,199.7724948801542,203.3231201171875,49398,0.0,0.0,203.3231201171875
2021-12-24 00:00:00+05:30,205.04912485583012,205.04912485583012,200.0683860011842,201.7450714111328,31302,0.0,0.0,201.7450714111328
2021-12-27 00:00:00+05:30,207.07101965010682,207.07101965010682,198.53964035909505,200.11769104003906,30780,0.0,0.0,200.11769104003906
2021-12-28 00:00:00+05:30,204.40804826989157,204.85187455658684,200.56153371913229,201.54782104492188,25898,0.0,0.0,201.54782104492188
2021-12-29 00:00:00+05:30,203.4217596669845,203.96422070267317,200.21632587829265,200.85740661621094,22871,0.0,0.0,200.85740661621094
2021-12-30 00:00:00+05:30,201.20261470347506,205.88747950661968,200.61083628746826,203.7669677734375,41431,0.0,0.0,203.7669677734375
2021-12-31 00:00:00+05:30,201.64643599012265,205.24639367404734,200.56152898708157,204.01353454589844,35016,0.0,0.0,204.01353454589844
2022-01-03 00:00:00+05:30,204.01353464482233,207.3175880801335,204.01353464482233,204.7532501220703,32833,0.0,0.0,204.7532501220703
2022-01-04 00:00:00+05:30,205.14775687348953,205.73953526890602,203.2244996627105,204.85186767578125,38342,0.0,0.0,204.85186767578125
2022-01-05 00:00:00+05:30,204.85186614687143,206.82444071747116,200.46289073719697,201.20260620117188,91430,0.0,0.0,201.20260620117188
2022-01-06 00:00:00+05:30,201.20260803245517,202.3368324010535,198.34238089887253,200.3642578125,37219,0.0,0.0,200.3642578125
2022-01-07 00:00:00+05:30,202.13958189118281,202.13958189118281,197.79992373161858,198.6875762939453,62818,0.0,0.0,198.6875762939453
2022-01-10 00:00:00+05:30,197.84923500307738,201.49849494051568,197.75060025495083,198.24374389648438,94439,0.0,0.0,198.24374389648438
2022-01-11 00:00:00+05:30,197.15882660517752,198.78620969109184,195.2848867421186,195.7780303955078,88603,0.0,0.0,195.7780303955078
2022-01-12 00:00:00+05:30,204.99982374860326,204.99982374860326,194.29860039725907,195.7287139892578,92523,0.0,0.0,195.7287139892578
2022-01-13 00:00:00+05:30,194.59448873243144,197.65197035520941,194.59448873243144,196.5177459716797,78916,0.0,0.0,196.5177459716797
2022-01-14 00:00:00+05:30,200.7587835142349,201.6957534420754,196.76431692759922,197.30677795410156,159165,0.0,0.0,197.30677795410156
2022-01-17 00:00:00+05:30,201.4491825079828,201.4491825079828,196.02460231804938,196.5177459716797,119037,0.0,0.0,196.5177459716797
2022-01-18 00:00:00+05:30,197.70127789127994,198.24373889318605,191.58629990050443,193.2629852294922,110296,0.0,0.0,193.2629852294922
2022-01-19 00:00:00+05:30,193.36163403467063,193.41095141107516,189.90962838005873,191.09317016601562,89702,0.0,0.0,191.09317016601562
2022-01-20 00:00:00+05:30,191.93150846537108,194.29859188989522,186.95075474965424,192.42465209960938,103525,0.0,0.0,192.42465209960938
2022-01-21 00:00:00+05:30,192.37533329001442,192.42465066297993,188.9233278761187,190.99452209472656,77914,0.0,0.0,190.99452209472656
2022-01-24 00:00:00+05:30,193.3123139764005,193.3123139764005,183.05493190767683,185.27407836914062,66946,0.0,0.0,185.27407836914062
2022-01-25 00:00:00+05:30,185.42201490597694,191.58631061428733,180.2933238865727,190.5013885498047,89875,0.0,0.0,190.5013885498047
2022-01-27 00:00:00+05:30,179.50428425080872,179.50428425080872,171.61398604198197,177.43307495117188,212253,0.0,0.0,177.43307495117188
2022-01-28 00:00:00+05:30,171.1208420249821,173.58656020978012,167.22501030291113,167.76747131347656,458917,0.0,0.0,167.76747131347656
2022-01-31 00:00:00+05:30,165.6962667134263,171.66330789962336,164.06889868516797,165.3017578125,254194,0.0,0.0,165.3017578125
2022-02-01 00:00:00+05:30,167.66883567022364,178.51799562535575,167.61951829688135,175.26324462890625,241270,0.0,0.0,175.26324462890625
2022-02-02 00:00:00+05:30,180.4905675947388,182.36450735868965,176.9399274583013,177.63034057617188,169962,0.0,0.0,177.63034057617188
2022-02-03 00:00:00+05:30,179.50428878883216,181.970007041426,177.43307943683337,180.19468688964844,121528,0.0,0.0,180.19468688964844
2022-02-04 00:00:00+05:30,180.49057676702114,181.82207064823717,177.28514302662322,177.9262237548828,46491,0.0,0.0,177.9262237548828
2022-02-07 00:00:00+05:30,178.02486100392176,181.8713755265687,178.02486100392176,180.78646850585938,122458,0.0,0.0,180.78646850585938
2022-02-08 00:00:00+05:30,183.35080354578676,184.28778852295937,178.66593885812333,182.41383361816406,60996,0.0,0.0,182.41383361816406
2022-02-09 00:00:00+05:30,184.23846704788366,184.23846704788366,174.57284868694515,175.1646270751953,115120,0.0,0.0,175.1646270751953
2022-02-10 00:00:00+05:30,181.4768609724982,181.4768609724982,169.54277876916078,170.62770080566406,295232,0.0,0.0,170.62770080566406
2022-02-11 00:00:00+05:30,172.10713327308852,173.14273794452708,166.68255314127197,167.57020568847656,88504,0.0,0.0,167.57020568847656
2022-02-14 00:00:00+05:30,161.7511146336627,165.6962637710691,158.84157015473542,160.2223663330078,167958,0.0,0.0,160.2223663330078
2022-02-15 00:00:00+05:30,161.99769037424286,166.879809539995,160.22237020954665,165.99215698242188,97045,0.0,0.0,165.99215698242188
2022-02-16 00:00:00+05:30,169.39484928128235,169.9866277003384,162.88534686986708,165.05519104003906,80290,0.0,0.0,165.05519104003906
2022-02-17 00:00:00+05:30,164.21684244234268,166.48530633884369,161.11004333487531,161.99769592285156,36889,0.0,0.0,161.99769592285156
2022-02-18 00:00:00+05:30,161.7511175781721,162.78672225550332,157.8059683689484,158.59500122070312,82226,0.0,0.0,158.59500122070312
2022-02-21 00:00:00+05:30,157.80596974246544,158.59500260108777,153.31835946800408,154.05807495117188,101852,0.0,0.0,154.05807495117188
2022-02-22 00:00:00+05:30,150.90195507434854,151.83892498810286,147.9430932101456,149.76773071289062,131615,0.0,0.0,149.76773071289062
2022-02-23 00:00:00+05:30,149.76773477064773,158.69362292985514,149.76773477064773,151.04989624023438,132873,0.0,0.0,151.04989624023438
2022-02-24 00:00:00+05:30,140.25005589849314,147.4992738239164,138.52405306382573,139.7569122314453,257281,0.0,0.0,139.7569122314453
2022-02-25 00:00:00+05:30,140.49661669657704,153.51560547414087,140.49661669657704,151.4937286376953,150480,0.0,0.0,151.4937286376953
2022-02-28 00:00:00+05:30,148.92938760994306,152.82521957393547,145.03355564595066,150.90196228027344,97667,0.0,0.0,150.90196228027344
2022-03-02 00:00:00+05:30,148.9293874608408,151.3457884196662,147.20338462602973,149.4225311279297,98131,0.0,0.0,149.4225311279297
2022-03-03 00:00:00+05:30,150.35949821902238,153.07178833630388,149.22527382616107,151.78961181640625,92148,0.0,0.0,151.78961181640625
2022-03-04 00:00:00+05:30,147.94309667308087,152.03618299454942,145.08286949055466,146.61160278320312,108355,0.0,0.0,146.61160278320312
2022-03-07 00:00:00+05:30,146.61159639645686,147.00612033346204,142.5678276266121,144.68833923339844,122187,0.0,0.0,144.68833923339844
2022-03-08 00:00:00+05:30,143.1102918211803,148.92938081326963,142.27194160472942,145.28012084960938,115918,0.0,0.0,145.28012084960938
2022-03-09 00:00:00+05:30,147.4499486333834,152.67727423698517,144.5404041618988,151.2964630126953,95005,0.0,0.0,151.2964630126953
2022-03-10 00:00:00+05:30,156.8196825257939,157.26350880605122,152.97316803083027,154.79779052734375,98164,0.0,0.0,154.79779052734375
2022-03-11 00:00:00+05:30,157.65803167411687,157.65803167411687,152.8745322265625,154.10739135742188,89971,0.0,0.0,154.10739135742188
2022-03-14 00:00:00+05:30,156.57311149894142,156.57311149894142,151.44442046290186,153.26904296875,62513,0.0,0.0,153.26904296875
2022-03-15 00:00:00+05:30,155.7347590899482,156.81968114283177,150.90195732612113,151.88824462890625,122196,0.0,0.0,151.88824462890625
2022-03-16 00:00:00+05:30,154.35395446455402,154.45258920927114,149.9156618441675,151.54302978515625,96433,0.0,0.0,151.54302978515625
2022-03-17 00:00:00+05:30,153.95945836766418,159.77854759994065,152.48002737136844,153.91014099121094,229627,0.0,0.0,153.91014099121094
2022-03-21 00:00:00+05:30,156.0799659667969,156.8196814453125,153.17042142787875,154.10739135742188,101430,0.0,0.0,154.10739135742188
2022-03-22 00:00:00+05:30,154.10739311792574,154.89642598059953,151.3457856233425,152.52932739257812,54155,0.0,0.0,152.52932739257812
2022-03-23 00:00:00+05:30,154.84710954377874,154.84710954377874,149.57046635160697,150.26087951660156,72518,0.0,0.0,150.26087951660156
2022-03-24 00:00:00+05:30,151.88823605984453,152.8252059347195,149.61977238150848,150.0635986328125,73190,0.0,0.0,150.0635986328125
2022-03-25 00:00:00+05:30,150.40880830664383,151.88823920802065,148.9786947785561,149.91566467285156,45197,0.0,0.0,149.91566467285156
2022-03-28 00:00:00+05:30,149.91567647335233,150.31018539161988,145.7239552561698,146.3650360107422,119209,0.0,0.0,146.3650360107422
2022-03-29 00:00:00+05:30,147.44995526098612,149.9649909526053,146.3650331823895,147.25270080566406,44454,0.0,0.0,147.25270080566406
2022-03-30 00:00:00+05:30,148.9293887049393,155.53751088922186,148.14035582109574,152.3320770263672,176832,0.0,0.0,152.3320770263672
2022-03-31 00:00:00+05:30,153.56492915895828,155.29093192900015,150.90195646651793,152.67727661132812,51544,0.0,0.0,152.67727661132812
2022-04-01 00:00:00+05:30,153.8115038228352,155.3402521715766,150.9019592523887,151.78961181640625,118204,0.0,0.0,151.78961181640625
2022-04-04 00:00:00+05:30,153.86082296947342,157.51008306845472,153.86082296947342,156.91831970214844,175924,0.0,0.0,156.91831970214844
2022-04-05 00:00:00+05:30,160.27168937351303,166.53461987039037,157.9046058272012,165.15380859375,221960,0.0,0.0,165.15380859375
2022-04-06 00:00:00+05:30,164.7099719878146,167.71815113283125,162.0469994027119,164.16751098632812,127881,0.0,0.0,164.16751098632812
2022-04-07 00:00:00+05:30,164.1675249944008,167.22502177308772,160.56758221749084,161.2579803466797,143148,0.0,0.0,161.2579803466797
2022-04-08 00:00:00+05:30,163.72368459704873,164.95654366780963,161.55385564241936,163.42779541015625,110313,0.0,0.0,163.42779541015625
2022-04-11 00:00:00+05:30,164.70997358969416,169.04963154469272,164.36476702642295,167.8167724609375,195991,0.0,0.0,167.8167724609375
2022-04-12 00:00:00+05:30,167.81677363908466,168.35923464965515,160.76482565031694,161.80043029785156,103156,0.0,0.0,161.80043029785156
2022-04-13 00:00:00+05:30,165.64694245276843,165.64694245276843,161.25796715181838,161.8990478515625,62162,0.0,0.0,161.8990478515625
2022-04-18 00:00:00+05:30,161.89904731975795,161.89904731975795,157.16488052278464,158.940185546875,105782,0.0,0.0,158.940185546875
2022-04-19 00:00:00+05:30,159.7785471741972,163.6743791108185,154.89642790934013,159.13746643066406,95893,0.0,0.0,159.13746643066406
2022-04-20 00:00:00+05:30,159.13746254209823,162.73740518237318,158.34842968887978,160.81414794921875,87399,0.0,0.0,160.81414794921875
2022-04-21 00:00:00+05:30,163.52643793540656,163.52643793540656,158.94019294425587,160.07443237304688,35254,0.0,0.0,160.07443237304688
2022-04-22 00:00:00+05:30,160.66618838149572,163.08260420433476,158.69361386459806,159.67990112304688,34942,0.0,0.0,159.67990112304688
2022-04-25 00:00:00+05:30,159.77853862319995,159.77853862319995,156.8196767968444,157.3128204345703,34468,0.0,0.0,157.3128204345703
2022-04-26 00:00:00+05:30,160.51825063162607,160.51825063162607,155.389559919358,155.9813232421875,55723,0.0,0.0,155.9813232421875
2022-04-27 00:00:00+05:30,152.97317103680035,155.5375090673161,151.6909944967673,153.91014099121094,91960,0.0,0.0,153.91014099121094
2022-04-28 00:00:00+05:30,153.9594454570384,157.90459444966416,152.52931690757234,156.0306396484375,44685,0.0,0.0,156.0306396484375
2022-04-29 00:00:00+05:30,159.186765957892,159.186765957892,153.3676768434586,154.05807495117188,47010,0.0,0.0,154.05807495117188
2022-05-02 00:00:00+05:30,154.05807064325316,154.05807064325316,150.40881070491275,152.77589416503906,32115,0.0,0.0,152.77589416503906
2022-05-04 00:00:00+05:30,156.81968040145748,156.81968040145748,144.98423282398898,146.71023559570312,104639,0.0,0.0,146.71023559570312
2022-05-05 00:00:00+05:30,146.95681018800798,150.55675287413578,143.06097829696077,143.6034393310547,140580,0.0,0.0,143.6034393310547
2022-05-06 00:00:00+05:30,143.50479836121227,145.72394472762278,140.29936472084157,143.89930725097656,109411,0.0,0.0,143.89930725097656
2022-05-09 00:00:00+05:30,146.85816469276847,146.85816469276847,139.75689954196213,141.87742614746094,74905,0.0,0.0,141.87742614746094
2022-05-10 00:00:00+05:30,140.74318801552803,144.93490884144333,133.14877917613254,143.3075408935547,65557,0.0,0.0,143.3075408935547
2022-05-11 00:00:00+05:30,143.30754826406775,145.1814881216249,136.89668078883014,138.4747314453125,92064,0.0,0.0,138.4747314453125
2022-05-12 00:00:00+05:30,140.54593774043096,140.54593774043096,126.24477214579062,137.88296508789062,99581,0.0,0.0,137.88296508789062
2022-05-13 00:00:00+05:30,137.88296412045727,141.5815414034655,137.14324866385562,137.93228149414062,51190,0.0,0.0,137.93228149414062
2022-05-16 00:00:00+05:30,145.97051950821518,145.97051950821518,134.2337067297394,135.565185546875,71804,0.0,0.0,135.565185546875
2022-05-17 00:00:00+05:30,137.09394046028825,142.02537716749285,137.09394046028825,140.4473114013672,70087,0.0,0.0,140.4473114013672
2022-05-18 00:00:00+05:30,144.8363005910544,150.21156353560963,142.7650911759357,144.98423767089844,125227,0.0,0.0,144.98423767089844
2022-05-19 00:00:00+05:30,146.21708499728496,150.7046950003661,138.96786768080395,147.05543518066406,335068,0.0,0.0,147.05543518066406
2022-05-20 00:00:00+05:30,150.80332828385198,151.24716962654438,147.4499573472792,148.6334991455078,43295,0.0,0.0,148.6334991455078
2022-05-23 00:00:00+05:30,150.40881405666838,150.40881405666838,146.21709300918744,147.400634765625,63774,0.0,0.0,147.400634765625
2022-05-24 00:00:00+05:30,147.94308811347148,148.4855491131307,143.15958891131623,144.04725646972656,39843,0.0,0.0,144.04725646972656
2022-05-25 00:00:00+05:30,146.95680073329382,146.95680073329382,136.4528475060693,138.08021545410156,68573,0.0,0.0,138.08021545410156
2022-05-26 00:00:00+05:30,136.20627555764437,141.28564888699051,136.20627555764437,137.3404998779297,49530,0.0,0.0,137.3404998779297
2022-05-27 00:00:00+05:30,140.49662008860827,143.01165566363733,139.65828492996496,142.37057495117188,37607,0.0,0.0,142.37057495117188
2022-05-30 00:00:00+05:30,147.94309626931565,152.87453281162618,143.01165972700514,151.09921264648438,50318,0.0,0.0,151.09921264648438
2022-05-31 00:00:00+05:30,151.09921216350762,155.83339423890328,149.42252675439144,154.84710693359375,102114,0.0,0.0,154.84710693359375
2022-06-01 00:00:00+05:30,156.5237850252027,157.31281784247292,150.35948965519984,153.71287536621094,74358,0.0,0.0,153.71287536621094
2022-06-02 00:00:00+05:30,153.71288854243014,156.81968765540572,153.51561903404078,154.5512237548828,38655,0.0,0.0,154.5512237548828
2022-06-03 00:00:00+05:30,156.721044196487,159.6306037385692,155.3402480117579,158.69361877441406,76300,0.0,0.0,158.69361877441406
2022-06-06 00:00:00+05:30,155.8333980930245,161.80043944763582,154.40328447486567,161.3566131591797,79213,0.0,0.0,161.3566131591797
2022-06-07 00:00:00+05:30,162.342890432477,162.342890432477,155.53749924936136,156.62242126464844,67200,0.0,0.0,156.62242126464844
2022-06-08 00:00:00+05:30,157.85527720832434,158.64431001741397,150.95126646550082,151.54302978515625,50794,0.0,0.0,151.54302978515625
2022-06-09 00:00:00+05:30,149.91566599717328,152.77589307861533,149.91566599717328,152.0854949951172,38556,0.0,0.0,152.0854949951172
2022-06-10 00:00:00+05:30,149.47183984908838,154.55121330615256,149.47183984908838,152.82521057128906,25630,0.0,0.0,152.82521057128906
2022-06-13 00:00:00+05:30,147.94310072856845,150.90196274313982,143.99795137580662,145.6746368408203,91440,0.0,0.0,145.6746368408203
2022-06-14 00:00:00+05:30,145.6746302925638,147.8937767037389,140.10211310209948,142.27194213867188,51420,0.0,0.0,142.27194213867188
2022-06-15 00:00:00+05:30,145.87189185170922,147.9431012895836,140.54594622510442,141.18702697753906,65677,0.0,0.0,141.18702697753906
2022-06-16 00:00:00+05:30,145.32943455278632,147.94308978584993,135.3679271540527,136.5021514892578,166850,0.0,0.0,136.5021514892578
2022-06-17 00:00:00+05:30,136.1076408202861,137.093928072607,131.2255219312074,132.11317443847656,107518,0.0,0.0,132.11317443847656
2022-06-20 00:00:00+05:30,132.655645266658,134.48028283847304,127.42831943211385,128.6611785888672,93485,0.0,0.0,128.6611785888672
2022-06-21 00:00:00+05:30,135.12135328787858,136.65010153571694,129.54883634363608,135.86106872558594,47383,0.0,0.0,135.86106872558594
2022-06-22 00:00:00+05:30,136.1076515699891,136.1076515699891,133.19810695575808,134.5789031982422,42499,0.0,0.0,134.5789031982422
2022-06-23 00:00:00+05:30,133.24741681953168,138.37610763758997,133.24741681953168,137.19256591796875,41226,0.0,0.0,137.19256591796875
2022-06-24 00:00:00+05:30,137.93228841024276,139.51033910038873,136.15696821547206,136.8473663330078,40069,0.0,0.0,136.8473663330078
2022-06-27 00:00:00+05:30,140.00348284677852,140.00348284677852,136.5021598312944,137.5870819091797,42272,0.0,0.0,137.5870819091797
2022-06-28 00:00:00+05:30,137.53776428293952,137.53776428293952,134.43096523303944,135.36793518066406,34708,0.0,0.0,135.36793518066406
2022-06-29 00:00:00+05:30,135.12136309588396,135.12136309588396,132.85289924567806,133.14878845214844,59227,0.0,0.0,133.14878845214844
2022-06-30 00:00:00+05:30,133.1487785129372,135.26929007684214,133.1487785129372,134.3816375732422,31295,0.0,0.0,134.3816375732422
2022-07-01 00:00:00+05:30,134.87479143526963,135.7624440062484,132.40907312749505,134.6282196044922,29710,0.0,0.0,134.6282196044922
2022-07-04 00:00:00+05:30,136.10764969866395,136.99530226383519,134.23370981683573,135.41725158691406,27683,0.0,0.0,135.41725158691406
2022-07-05 00:00:00+05:30,136.60078513508017,137.73500946114743,135.12135424914067,135.81175231933594,35164,0.0,0.0,135.81175231933594
2022-07-06 00:00:00+05:30,137.83365471258054,138.2281636257481,136.15696925729284,137.5377655029297,29944,0.0,0.0,137.5377655029297
2022-07-07 00:00:00+05:30,137.53775625518557,139.01718715441572,136.10764272917297,137.2418670654297,41495,0.0,0.0,137.2418670654297
2022-07-08 00:00:00+05:30,138.7212979646598,138.7212979646598,136.45284929214642,137.2418670654297,66682,0.0,0.0,137.2418670654297
2022-07-11 00:00:00+05:30,137.19256239269188,139.55964577111016,134.67752689715428,135.12135314941406,73532,0.0,0.0,135.12135314941406
2022-07-12 00:00:00+05:30,136.8966843637706,137.0939388197883,133.05015474844922,133.8391876220703,58465,0.0,0.0,133.8391876220703
2022-07-13 00:00:00+05:30,133.69124130352188,135.31860926514415,132.85289111144417,133.5432891845703,40296,0.0,0.0,133.5432891845703
2022-07-14 00:00:00+05:30,134.13506603444168,134.38163784700498,130.28855177827364,130.6337432861328,27056,0.0,0.0,130.6337432861328
2022-07-15 00:00:00+05:30,130.6830690171409,132.75427839496845,130.28856011162617,131.7186737060547,53876,0.0,0.0,131.7186737060547
2022-07-18 00:00:00+05:30,133.1487904667266,134.8254759293605,132.65564679833133,133.7898712158203,38686,0.0,0.0,133.7898712158203
2022-07-19 00:00:00+05:30,134.48028453751357,135.8117634138991,133.14879061157762,135.26930236816406,56997,0.0,0.0,135.26930236816406
2022-07-20 00:00:00+05:30,136.10765164895574,137.04462160329575,134.67753802922098,135.31861877441406,69251,0.0,0.0,135.31861877441406
2022-07-21 00:00:00+05:30,137.83365276923234,139.06651191743657,135.66382367830295,137.6363983154297,92063,0.0,0.0,137.6363983154297
2022-07-22 00:00:00+05:30,140.74318901325952,140.74318901325952,137.0939291606205,138.03089904785156,158095,0.0,0.0,138.03089904785156
2022-07-25 00:00:00+05:30,135.02272799220572,135.02272799220572,129.79541723956143,130.18992614746094,189439,0.0,0.0,130.18992614746094
2022-07-26 00:00:00+05:30,128.95706284613044,130.18992195555808,127.72420373670282,129.6474609375,167172,0.0,0.0,129.6474609375
2022-07-27 00:00:00+05:30,127.32969400440896,131.81728909358324,127.32969400440896,130.43649291992188,64522,0.0,0.0,130.43649291992188
2022-07-28 00:00:00+05:30,133.0501535288215,133.0501535288215,129.49952820439958,131.6693572998047,87380,0.0,0.0,131.6693572998047
2022-07-29 00:00:00+05:30,133.64193086412888,133.64193086412888,129.79541636461235,130.9789581298828,111918,0.0,0.0,130.9789581298828
2022-08-01 00:00:00+05:30,131.52141361782188,135.7624368438097,131.52141361782188,134.23370361328125,157344,0.0,0.0,134.23370361328125
2022-08-02 00:00:00+05:30,135.12135948291208,138.86925421570572,133.14878489192066,137.04461669921875,156087,0.0,0.0,137.04461669921875
2022-08-03 00:00:00+05:30,138.277476593397,138.277476593397,134.82547103981946,135.515869140625,52069,0.0,0.0,135.515869140625
2022-08-04 00:00:00+05:30,136.10764025766915,136.35421206973015,132.70495226113724,134.3816375732422,67437,0.0,0.0,134.3816375732422
2022-08-05 00:00:00+05:30,137.09393873847634,137.09393873847634,132.21181946957014,133.09947204589844,88667,0.0,0.0,133.09947204589844
2022-08-08 00:00:00+05:30,134.52958002716815,137.3405048170314,133.5926101137303,136.35421752929688,204010,0.0,0.0,136.35421752929688
2022-08-10 00:00:00+05:30,137.29118939354325,137.29118939354325,135.2199950896004,136.25558471679688,71592,0.0,0.0,136.25558471679688
2022-08-11 00:00:00+05:30,137.0939320221514,137.43913859022845,135.76243817333946,136.40353393554688,57347,0.0,0.0,136.40353393554688
2022-08-12 00:00:00+05:30,136.60078416627331,142.51850766806132,136.60078416627331,141.08839416503906,217449,0.0,0.0,141.08839416503906
2022-08-16 00:00:00+05:30,142.51851805753975,145.8225866067215,141.53223073534227,142.07469177246094,242632,0.0,0.0,142.07469177246094
2022-08-17 00:00:00+05:30,143.06098082048592,143.75137894444282,139.26376856439748,139.7569122314453,185398,0.0,0.0,139.7569122314453
2022-08-18 00:00:00+05:30,139.75690985203394,145.3294422245303,139.75690985203394,144.34315490722656,196467,0.0,0.0,144.34315490722656
2022-08-19 00:00:00+05:30,145.28011965254544,145.97051774005467,142.4198775049362,143.85000610351562,157500,0.0,0.0,143.85000610351562
2022-08-22 00:00:00+05:30,142.8000030517578,143.8000030517578,140.4499969482422,141.39999389648438,107050,2.0,0.0,141.39999389648438
2022-08-23 00:00:00+05:30,141.0,144.75,141.0,143.85000610351562,52920,0.0,0.0,143.85000610351562
2022-08-24 00:00:00+05:30,145.85000610351562,145.85000610351562,143.39999389648438,144.14999389648438,64095,0.0,0.0,144.14999389648438
2022-08-25 00:00:00+05:30,144.8000030517578,145.85000610351562,143.89999389648438,145.25,64598,0.0,0.0,145.25
2022-08-26 00:00:00+05:30,146.0,147.85000610351562,144.64999389648438,145.25,86708,0.0,0.0,145.25
2022-08-29 00:00:00+05:30,144.0,149.5,142.5,147.89999389648438,87878,0.0,0.0,147.89999389648438
2022-08-30 00:00:00+05:30,150.4499969482422,152.64999389648438,148.0,152.0,82859,0.0,0.0,152.0
2022-09-01 00:00:00+05:30,151.9499969482422,151.9499969482422,147.4499969482422,148.0,61580,0.0,0.0,148.0
2022-09-02 00:00:00+05:30,148.0,151.8000030517578,146.60000610351562,147.39999389648438,77974,0.0,0.0,147.39999389648438
2022-09-05 00:00:00+05:30,148.0,152.85000610351562,148.0,151.85000610351562,228154,0.0,0.0,151.85000610351562
2022-09-06 00:00:00+05:30,153.0,154.89999389648438,150.3000030517578,153.1999969482422,119828,0.0,0.0,153.1999969482422
2022-09-07 00:00:00+05:30,152.4499969482422,152.8000030517578,150.5,151.85000610351562,48537,0.0,0.0,151.85000610351562
2022-09-08 00:00:00+05:30,151.85000610351562,154.9499969482422,151.85000610351562,154.0500030517578,128666,0.0,0.0,154.0500030517578
2022-09-09 00:00:00+05:30,153.5500030517578,154.64999389648438,150.1999969482422,150.9499969482422,65986,0.0,0.0,150.9499969482422
2022-09-12 00:00:00+05:30,152.89999389648438,153.10000610351562,148.5500030517578,149.35000610351562,91434,0.0,0.0,149.35000610351562
2022-09-13 00:00:00+05:30,150.60000610351562,151.39999389648438,147.64999389648438,148.3000030517578,118120,0.0,0.0,148.3000030517578
2022-09-14 00:00:00+05:30,147.0,148.5500030517578,146.5,146.9499969482422,52268,0.0,0.0,146.9499969482422
2022-09-15 00:00:00+05:30,147.5,148.64999389648438,144.5500030517578,145.14999389648438,107028,0.0,0.0,145.14999389648438
2022-09-16 00:00:00+05:30,146.9499969482422,146.9499969482422,141.0500030517578,143.0500030517578,60017,0.0,0.0,143.0500030517578
2022-09-19 00:00:00+05:30,144.9499969482422,144.9499969482422,139.35000610351562,140.3000030517578,1094588,0.0,0.0,140.3000030517578
2022-09-20 00:00:00+05:30,141.0,148.0,140.89999389648438,146.6999969482422,135726,0.0,0.0,146.6999969482422
2022-09-21 00:00:00+05:30,148.1999969482422,148.8000030517578,143.8000030517578,146.89999389648438,72202,0.0,0.0,146.89999389648438
2022-09-22 00:00:00+05:30,147.10000610351562,148.14999389648438,138.0,144.89999389648438,61141,0.0,0.0,144.89999389648438
2022-09-23 00:00:00+05:30,144.60000610351562,145.89999389648438,142.0,143.64999389648438,56493,0.0,0.0,143.64999389648438
2022-09-26 00:00:00+05:30,137.0500030517578,142.0500030517578,136.0,137.64999389648438,44791,0.0,0.0,137.64999389648438
2022-09-27 00:00:00+05:30,139.39999389648438,139.75,137.89999389648438,138.9499969482422,54875,0.0,0.0,138.9499969482422
2022-09-28 00:00:00+05:30,137.25,139.9499969482422,137.25,138.0500030517578,35535,0.0,0.0,138.0500030517578
2022-09-29 00:00:00+05:30,138.60000610351562,141.5,136.85000610351562,138.0,64621,0.0,0.0,138.0
2022-09-30 00:00:00+05:30,138.0,138.0500030517578,135.6999969482422,136.64999389648438,50952,0.0,0.0,136.64999389648438
2022-10-03 00:00:00+05:30,135.64999389648438,142.39999389648438,135.64999389648438,141.35000610351562,71593,0.0,0.0,141.35000610351562
2022-10-04 00:00:00+05:30,142.0,143.8000030517578,141.35000610351562,143.5,79900,0.0,0.0,143.5
2022-10-06 00:00:00+05:30,144.0,146.75,144.0,145.35000610351562,63805,0.0,0.0,145.35000610351562
2022-10-07 00:00:00+05:30,143.0500030517578,146.10000610351562,142.1999969482422,142.60000610351562,33125,0.0,0.0,142.60000610351562
2022-10-10 00:00:00+05:30,142.9499969482422,143.5,139.5500030517578,139.9499969482422,59352,0.0,0.0,139.9499969482422
2022-10-11 00:00:00+05:30,140.0500030517578,143.0,136.3000030517578,136.85000610351562,957375,0.0,0.0,136.85000610351562
2022-10-12 00:00:00+05:30,136.89999389648438,137.89999389648438,135.4499969482422,135.89999389648438,40900,0.0,0.0,135.89999389648438
2022-10-13 00:00:00+05:30,135.9499969482422,136.64999389648438,134.0500030517578,135.9499969482422,52040,0.0,0.0,135.9499969482422
2022-10-14 00:00:00+05:30,136.1999969482422,138.5500030517578,136.1999969482422,138.0,44324,0.0,0.0,138.0
2022-10-17 00:00:00+05:30,141.1999969482422,141.1999969482422,136.8000030517578,137.3000030517578,28043,0.0,0.0,137.3000030517578
2022-10-18 00:00:00+05:30,138.0,138.39999389648438,136.5,137.6999969482422,22836,0.0,0.0,137.6999969482422
2022-10-19 00:00:00+05:30,137.25,140.8000030517578,137.0,137.4499969482422,41797,0.0,0.0,137.4499969482422
2022-10-20 00:00:00+05:30,137.0,139.89999389648438,136.8000030517578,138.64999389648438,43916,0.0,0.0,138.64999389648438
2022-10-21 00:00:00+05:30,140.0,140.0,137.3000030517578,138.25,33490,0.0,0.0,138.25
2022-10-24 00:00:00+05:30,135.85000610351562,137.0,131.0,135.75,70766,0.0,0.0,135.75
2022-10-25 00:00:00+05:30,135.0,135.85000610351562,133.60000610351562,134.14999389648438,81995,0.0,0.0,134.14999389648438
2022-10-27 00:00:00+05:30,132.85000610351562,135.0,132.0,132.89999389648438,83272,0.0,0.0,132.89999389648438
2022-10-28 00:00:00+05:30,133.1999969482422,133.5500030517578,132.14999389648438,132.9499969482422,38236,0.0,0.0,132.9499969482422
2022-10-31 00:00:00+05:30,133.4499969482422,134.64999389648438,132.8000030517578,133.9499969482422,58541,0.0,0.0,133.9499969482422
2022-11-01 00:00:00+05:30,133.14999389648438,134.64999389648438,133.14999389648438,133.6999969482422,50316,0.0,0.0,133.6999969482422
2022-11-02 00:00:00+05:30,133.6999969482422,141.39999389648438,133.6999969482422,138.1999969482422,131905,0.0,0.0,138.1999969482422
2022-11-03 00:00:00+05:30,138.0,140.1999969482422,136.6999969482422,139.5,62692,0.0,0.0,139.5
2022-11-04 00:00:00+05:30,138.3000030517578,146.64999389648438,138.3000030517578,145.5,169623,0.0,0.0,145.5
2022-11-07 00:00:00+05:30,147.60000610351562,158.0,145.10000610351562,157.0500030517578,378914,0.0,0.0,157.0500030517578
2022-11-09 00:00:00+05:30,156.8000030517578,160.0,155.0,157.9499969482422,366375,0.0,0.0,157.9499969482422
2022-11-10 00:00:00+05:30,157.9499969482422,157.9499969482422,152.5500030517578,154.9499969482422,60222,0.0,0.0,154.9499969482422
2022-11-11 00:00:00+05:30,155.25,156.9499969482422,150.0,151.39999389648438,90282,0.0,0.0,151.39999389648438
2022-11-14 00:00:00+05:30,152.9499969482422,154.10000610351562,150.75,152.1999969482422,56058,0.0,0.0,152.1999969482422
2022-11-15 00:00:00+05:30,152.85000610351562,152.85000610351562,148.4499969482422,149.60000610351562,74318,0.0,0.0,149.60000610351562
2022-11-16 00:00:00+05:30,149.64999389648438,163.0,149.60000610351562,161.85000610351562,483856,0.0,0.0,161.85000610351562
2022-11-17 00:00:00+05:30,162.89999389648438,164.35000610351562,156.3000030517578,158.10000610351562,329698,0.0,0.0,158.10000610351562
2022-11-18 00:00:00+05:30,158.0,159.0,154.89999389648438,155.75,132878,0.0,0.0,155.75
2022-11-21 00:00:00+05:30,154.3000030517578,158.35000610351562,153.4499969482422,155.3000030517578,96397,0.0,0.0,155.3000030517578
2022-11-22 00:00:00+05:30,154.10000610351562,158.85000610351562,152.75,157.9499969482422,49955,0.0,0.0,157.9499969482422
2022-11-23 00:00:00+05:30,155.3000030517578,159.9499969482422,155.14999389648438,155.8000030517578,80989,0.0,0.0,155.8000030517578
2022-11-24 00:00:00+05:30,153.10000610351562,158.9499969482422,153.10000610351562,156.0500030517578,79495,0.0,0.0,156.0500030517578
2022-11-25 00:00:00+05:30,156.6999969482422,165.3000030517578,156.6999969482422,161.6999969482422,221984,0.0,0.0,161.6999969482422
2022-11-28 00:00:00+05:30,158.64999389648438,162.6999969482422,157.6999969482422,158.75,60780,0.0,0.0,158.75
2022-11-29 00:00:00+05:30,158.8000030517578,160.14999389648438,156.0,156.4499969482422,39421,0.0,0.0,156.4499969482422
2022-11-30 00:00:00+05:30,156.39999389648438,158.60000610351562,153.5,157.39999389648438,99752,0.0,0.0,157.39999389648438
2022-12-01 00:00:00+05:30,157.8000030517578,163.5,156.89999389648438,158.0,132094,0.0,0.0,158.0
2022-12-02 00:00:00+05:30,158.0500030517578,163.89999389648438,157.5,163.39999389648438,144799,0.0,0.0,163.39999389648438
2022-12-05 00:00:00+05:30,163.5500030517578,175.6999969482422,163.5500030517578,174.4499969482422,932699,0.0,0.0,174.4499969482422
2022-12-06 00:00:00+05:30,176.0,177.10000610351562,170.4499969482422,172.0500030517578,276593,0.0,0.0,172.0500030517578
2022-12-07 00:00:00+05:30,172.25,173.3000030517578,166.8000030517578,170.3000030517578,131187,0.0,0.0,170.3000030517578
2022-12-08 00:00:00+05:30,172.4499969482422,181.4499969482422,167.60000610351562,178.64999389648438,415724,0.0,0.0,178.64999389648438
2022-12-09 00:00:00+05:30,179.0500030517578,181.14999389648438,171.0,171.8000030517578,250651,0.0,0.0,171.8000030517578
2022-12-12 00:00:00+05:30,172.0500030517578,172.0500030517578,166.4499969482422,169.14999389648438,97768,0.0,0.0,169.14999389648438
2022-12-13 00:00:00+05:30,170.0,171.9499969482422,167.35000610351562,168.5500030517578,97376,0.0,0.0,168.5500030517578
2022-12-14 00:00:00+05:30,168.5500030517578,181.89999389648438,166.0,180.1999969482422,550702,0.0,0.0,180.1999969482422
2022-12-15 00:00:00+05:30,180.1999969482422,187.60000610351562,177.5500030517578,182.5,503134,0.0,0.0,182.5
2022-12-16 00:00:00+05:30,184.85000610351562,186.5500030517578,177.5,182.35000610351562,126447,0.0,0.0,182.35000610351562
2022-12-19 00:00:00+05:30,182.35000610351562,184.14999389648438,177.3000030517578,179.0500030517578,75667,0.0,0.0,179.0500030517578
2022-12-20 00:00:00+05:30,179.0,179.0,173.5,176.25,94902,0.0,0.0,176.25
2022-12-21 00:00:00+05:30,176.25,190.9499969482422,176.25,186.0,816130,0.0,0.0,186.0
2022-12-22 00:00:00+05:30,186.0,186.4499969482422,171.64999389648438,180.0,305113,0.0,0.0,180.0
2022-12-23 00:00:00+05:30,179.9499969482422,179.9499969482422,164.0,166.60000610351562,155908,0.0,0.0,166.60000610351562
2022-12-26 00:00:00+05:30,167.0,182.64999389648438,167.0,180.9499969482422,154611,0.0,0.0,180.9499969482422
2022-12-27 00:00:00+05:30,181.1999969482422,187.4499969482422,178.25,185.8000030517578,189147,0.0,0.0,185.8000030517578
2022-12-28 00:00:00+05:30,185.14999389648438,186.9499969482422,181.85000610351562,183.60000610351562,56191,0.0,0.0,183.60000610351562
2022-12-29 00:00:00+05:30,183.0,194.9499969482422,178.35000610351562,189.3000030517578,452533,0.0,0.0,189.3000030517578
