{
    "$schema": "https://schema.management.azure.com/schemas/2019-04-01/deploymentTemplate.json#",
    "contentVersion": "1.0.0.0",
    "parameters": {
        "azureBotId": {
            "type": "string",
            "metadata": {
                "description": "The globally unique and immutable bot ID."
            }
        },
        "azureBotSku": {
            "defaultValue": "S1",
            "type": "string",
            "metadata": {
                "description": "The pricing tier of the Bot Service Registration. Allowed values are: F0, S1(default)."
            }
        },
        "azureBotRegion": {
            "type": "string",
            "defaultValue": "westeurope",
            "metadata": {
                "description": "Specifies the location of the new AzureBot. Allowed values are: global(default), westeurope."
            }
        },
        "botEndpoint": {
            "type": "string",
            "metadata": {
                "description": "Use to handle client messages, Such as https://<botappServiceName>.azurewebsites.net/api/messages."
            }
        },
        "appId": {
            "type": "string",
            "metadata": {
                "description": "Active Directory App ID or User-Assigned Managed Identity Client ID, set as MicrosoftAppId in the Web App's Application Settings."
            }
        }
    },
    "resources": [
        {
            "apiVersion": "2021-05-01-preview",
            "type": "Microsoft.BotService/botServices",
            "name": "[parameters('azureBotId')]",
            "location": "[parameters('azureBotRegion')]",
            "kind": "azurebot",
            "sku": {
                "name": "[parameters('azureBotSku')]"
            },
            "properties": {
                "name": "[parameters('azureBotId')]",
                "displayName": "[parameters('azureBotId')]",
                "iconUrl": "https://docs.botframework.com/static/devportal/client/images/bot-framework-default.png",
                "endpoint": "[parameters('botEndpoint')]",
                "msaAppId": "[parameters('appId')]",
                "luisAppIds": [],
                "schemaTransformationVersion": "1.3",
                "isCmekEnabled": false,
                "isIsolated": false
            }
        }
    ]
}